{
  "snapshot_name": "VincentOS_4.0.1_FullSnapshot",
  "created_at": "2025-12-02T17:11:40.762716Z",
  "files_included": {
    "MasterSpec": {
      "path": "/mnt/data/VincentOS_4.0.1_MasterSpec.md",
      "size_bytes": 5957,
      "modified": "2025-12-02T17:02:29.043283"
    },
    "CPS": {
      "path": "/mnt/data/CPS_Spec_Full.md",
      "size_bytes": 4500,
      "modified": "2025-12-02T16:21:36.015810"
    },
    "CEGS": {
      "path": "/mnt/data/CEGS_Spec_Full.md",
      "size_bytes": 9579,
      "modified": "2025-12-02T16:24:31.515100"
    },
    "GSM": {
      "path": "/mnt/data/GSM_Spec_Full.md",
      "size_bytes": 266,
      "modified": "2025-12-02T16:10:26.402081"
    },
    "UTSS": {
      "path": "/mnt/data/UTSS_Spec.md",
      "size_bytes": 5090,
      "modified": "2025-12-02T16:46:06.220177"
    },
    "FRMS": {
      "path": "/mnt/data/FRMS_Spec.md",
      "size_bytes": 4269,
      "modified": "2025-12-02T16:51:24.008891"
    }
  },
  "missing_files": [
    "OriginIndex"
  ],
  "file_hashes": {
    "MasterSpec": {
      "path": "/mnt/data/VincentOS_4.0.1_MasterSpec.md",
      "sha256": "a47d143ebbb1354c9e984bce6568e124a30fba1d496ae150b26d45e8a3588ea6"
    },
    "CPS": {
      "path": "/mnt/data/CPS_Spec_Full.md",
      "sha256": "4a3aef2d9e091c8cd231f0600b18a92d800dbf1e089fb354a19844017da5bf09"
    },
    "CEGS": {
      "path": "/mnt/data/CEGS_Spec_Full.md",
      "sha256": "120fe37a6fbb68c2bd0d1c1fbe66c07d598967ee3c42724e7819a2b1654faf11"
    },
    "GSM": {
      "path": "/mnt/data/GSM_Spec_Full.md",
      "sha256": "e65d91ea421e3a66928941e1893736a60d8c2e361767364afa01b006b266d1c0"
    },
    "UTSS": {
      "path": "/mnt/data/UTSS_Spec.md",
      "sha256": "062327492bd4c05a596458e398dbc9e0f4694a8bcc7128f3458116c84305705b"
    },
    "FRMS": {
      "path": "/mnt/data/FRMS_Spec.md",
      "sha256": "cab33eb3df221048757d15b8a0ba9f460a66384667a4a5793c0ba3aea4f7c8bb"
    }
  },
  "signature": {
    "signature_algorithm": "SHA-256",
    "manifest_digest": "6bbb2833131d3c3dc21f0a61ceca9c55283b649ee0ea7484fd4ae1c5df802205",
    "signed_at": "2025-12-02T17:24:00.343161Z"
  }
}